ID_sequencing,Spatial,Elevation,MAT,TSEA,MAP,PSEA,Plant_cover,Forest,Grassland,Clay_silt,pH,Soil_C,All_potential_pathogens,Alternaria,Fusarium,Venturia,Phoma,Phaeosphaeriaceae,Cladosporium,Coniochaetaceae,Acremonium,Knufia,Chalara,Mycosphaerellaceae,Didymosphaeriaceae,Teratosphaeriaceae,Coniochaeta,Devriesia,Didymellaceae,Pleosporaceae,Clonostachys,Didymosphaeria,Acrophialophora,Xylariaceae,Bipolaris
1.000,40.992,184.000,20.200,3581.000,1584.000,17.000,5032.260,1.000,0.000,82.000,5.900,1.771,24.856,0.126,13.684,0.003,0.001,0.053,0.151,0.774,1.104,0.000,0.004,0.106,0.114,0.001,0.261,0.000,0.717,0.000,3.203,0.000,0.124,0.216,0.000
2.000,57.981,242.000,-3.600,13977.000,298.000,66.000,2671.500,1.000,0.000,80.000,5.120,3.217,9.566,0.002,0.137,0.002,0.000,0.000,0.184,0.000,0.190,0.000,0.000,0.676,0.000,0.000,0.000,0.000,0.000,0.000,1.208,0.002,0.172,0.524,0.000
3.000,38.029,349.000,6.800,9266.000,1142.000,7.000,4306.470,1.000,0.000,42.000,4.040,34.772,0.887,0.000,0.006,0.037,0.000,0.000,0.003,0.001,0.000,0.000,0.005,0.357,0.001,0.000,0.011,0.000,0.000,0.000,0.000,0.006,0.000,0.000,0.000
4.000,36.212,406.000,12.000,9952.000,872.000,51.000,2879.100,1.000,0.000,35.800,8.130,5.931,14.774,2.757,1.873,0.001,0.179,0.000,1.346,0.141,0.499,0.000,0.076,0.426,0.000,0.000,0.000,0.000,0.092,0.000,0.203,0.000,0.000,0.171,0.074
5.000,39.100,495.000,9.600,5767.000,1835.000,62.000,3844.800,0.000,1.000,28.200,5.460,9.713,14.497,2.240,0.386,0.997,0.000,0.000,0.035,0.372,0.666,0.098,0.946,0.001,0.037,0.034,0.004,0.000,0.000,0.000,0.186,0.006,0.081,0.000,0.155
6.000,34.866,1340.000,15.100,1228.000,2080.000,39.000,2991.060,0.000,1.000,4.600,5.790,10.647,3.285,0.003,0.057,0.000,0.000,0.000,0.000,0.137,0.031,0.000,0.000,0.066,0.154,0.000,0.005,0.001,0.000,0.052,0.782,0.000,0.000,0.000,0.008
7.000,36.728,2263.000,5.700,7373.000,441.000,40.000,2360.420,1.000,0.000,53.200,5.160,19.257,19.420,0.000,0.007,9.572,0.000,0.005,0.018,0.123,0.000,0.078,6.792,0.021,0.663,0.004,0.109,0.034,0.000,0.008,0.000,0.000,0.000,0.000,0.016
8.000,35.116,1252.000,10.100,6882.000,1991.000,9.000,4582.740,1.000,0.000,6.200,5.810,4.374,1.171,0.002,0.000,0.000,0.000,0.000,0.000,0.000,0.008,0.000,0.000,0.000,0.000,0.000,0.000,0.000,0.000,0.010,0.000,0.000,0.000,0.008,0.002
9.000,34.866,1340.000,15.100,1228.000,2080.000,39.000,2991.060,1.000,0.000,26.600,4.380,21.215,3.878,0.074,0.089,0.000,0.000,0.039,0.002,0.002,0.080,0.000,0.075,0.000,0.000,0.000,0.017,0.002,0.000,0.000,0.209,0.000,0.000,0.000,0.104
10.000,38.029,349.000,6.800,9266.000,1142.000,7.000,4306.470,0.000,1.000,34.800,7.420,2.750,24.958,4.008,1.545,0.000,0.017,0.210,1.891,6.270,0.975,0.000,0.000,0.001,0.177,0.000,0.092,0.034,4.758,0.876,0.000,0.003,0.041,0.001,0.000
11.000,35.116,1252.000,10.100,6882.000,1991.000,9.000,4582.740,0.000,1.000,36.200,4.630,5.308,7.859,0.325,0.841,0.000,0.000,0.011,0.180,0.000,0.000,0.001,0.000,0.061,0.134,0.352,0.000,0.001,0.000,0.578,0.231,0.000,0.151,0.019,0.046
12.000,38.920,494.000,4.800,9644.000,1141.000,13.000,4252.870,0.000,1.000,20.600,5.000,3.729,2.125,0.195,0.001,0.000,0.000,0.068,0.010,0.217,0.021,0.028,0.221,0.028,0.000,0.000,0.000,0.001,0.001,0.007,0.040,0.000,0.000,0.000,0.065
13.000,38.920,494.000,4.800,9644.000,1141.000,13.000,4252.870,1.000,0.000,6.800,4.180,6.458,0.500,0.045,0.015,0.000,0.000,0.000,0.000,0.004,0.000,0.000,0.090,0.000,0.000,0.000,0.000,0.000,0.000,0.000,0.000,0.000,0.000,0.000,0.022
14.000,37.969,267.000,8.900,9709.000,911.000,24.000,2581.390,0.000,1.000,61.800,6.310,1.642,14.510,2.462,1.261,0.000,0.126,0.581,0.940,0.405,0.069,0.000,1.166,0.352,0.369,0.000,0.000,1.215,0.073,0.063,0.130,0.000,0.000,0.055,0.040
15.000,58.029,132.000,-2.800,14208.000,308.000,53.000,3114.805,0.000,1.000,76.000,5.560,2.087,1.670,0.116,0.001,0.001,0.000,0.000,0.039,0.001,0.001,0.000,0.004,0.000,0.000,0.000,0.233,0.001,0.000,0.000,0.000,0.000,0.000,0.000,0.078
16.000,37.969,267.000,8.900,9709.000,911.000,24.000,2581.390,1.000,0.000,40.800,5.840,1.953,5.425,0.176,0.094,0.179,0.037,0.061,0.318,0.000,0.036,0.000,0.018,0.000,0.000,0.000,0.000,0.160,0.000,0.116,0.309,0.123,0.000,0.036,0.032
17.000,36.728,2263.000,5.700,7373.000,441.000,40.000,2360.420,0.000,1.000,38.000,5.210,4.890,4.334,0.075,0.209,0.158,0.000,0.032,0.167,0.966,0.000,0.046,0.000,0.000,0.000,0.309,0.025,0.000,0.000,0.168,0.000,0.000,0.000,0.000,0.070
18.000,34.965,738.000,20.500,1244.000,2916.000,25.000,5297.169,0.000,1.000,73.400,5.130,3.900,6.612,0.000,0.125,0.000,0.000,0.000,0.067,0.000,0.226,0.000,0.000,0.000,0.002,0.000,0.000,0.000,0.000,0.000,0.026,0.000,0.000,0.254,0.304
19.000,36.212,406.000,12.000,9952.000,872.000,51.000,2879.100,0.000,1.000,81.600,7.130,2.966,10.352,0.435,2.704,0.029,0.053,1.049,0.685,0.000,0.117,0.000,0.088,0.000,0.443,0.019,0.139,0.038,0.000,0.016,0.063,0.000,0.163,0.174,0.077
20.000,40.017,273.000,6.300,11636.000,749.000,51.000,3145.120,1.000,0.000,29.000,4.870,0.897,11.908,0.003,0.065,0.001,0.000,0.000,0.001,0.392,0.053,0.000,0.000,0.107,0.083,0.000,0.449,0.000,0.000,0.000,0.522,0.000,0.000,0.000,0.868
21.000,40.017,273.000,6.300,11636.000,749.000,51.000,3145.120,0.000,1.000,8.600,4.860,0.607,18.894,1.281,11.292,0.000,0.284,0.207,0.165,0.211,0.564,0.000,0.088,0.643,0.240,0.000,0.000,0.238,0.009,0.031,0.000,0.235,0.071,0.000,0.214
23.000,34.965,738.000,20.500,1244.000,2916.000,25.000,5297.169,1.000,0.000,76.000,4.970,5.335,11.544,1.395,0.511,0.095,0.198,0.122,0.268,0.057,0.000,0.000,0.287,0.000,2.889,0.530,0.821,0.002,0.167,0.000,0.000,0.000,0.000,0.000,0.084
24.000,35.301,161.000,14.600,7575.000,1164.000,11.000,3351.040,1.000,0.000,43.000,5.370,4.979,9.600,0.419,1.889,0.000,0.000,0.000,0.472,1.024,0.000,0.005,0.011,0.000,0.000,0.016,0.000,0.000,0.000,0.000,0.000,0.053,0.000,0.000,0.101
25.000,41.574,683.000,18.200,2513.000,939.000,55.000,3737.220,0.000,1.000,50.000,5.200,5.001,25.199,11.533,3.702,0.000,0.002,0.000,0.713,0.144,3.254,0.000,0.000,0.766,0.465,1.089,0.158,1.192,0.046,0.000,0.017,0.001,0.970,0.026,0.000
26.000,41.162,407.000,18.400,5049.000,683.000,36.000,1922.490,0.000,1.000,16.500,4.900,1.475,5.943,0.160,0.208,0.000,0.000,0.128,0.182,0.049,0.000,0.000,0.977,0.001,0.167,0.095,0.000,0.000,0.000,0.071,0.079,3.560,0.000,0.000,0.001
27.000,42.101,303.000,17.300,5255.000,330.000,55.000,1326.460,1.000,0.000,20.000,5.100,1.397,11.794,0.091,2.661,0.154,0.000,0.045,0.070,1.908,0.834,0.128,0.585,0.116,0.411,0.000,0.045,0.000,0.000,0.001,0.028,0.054,0.000,0.034,0.000
28.000,41.470,1614.000,13.100,3406.000,926.000,67.000,3228.310,0.000,1.000,58.000,5.200,22.380,26.126,9.840,5.760,0.001,0.001,0.000,0.318,0.391,0.572,0.000,0.000,0.090,0.166,0.000,0.009,1.528,0.000,0.000,0.086,0.027,3.354,0.000,0.069
29.000,41.550,797.000,18.100,2933.000,880.000,62.000,2986.040,0.000,1.000,82.400,5.600,5.958,13.671,4.733,3.364,0.003,0.075,0.000,1.263,0.276,0.000,0.000,0.000,0.000,0.014,0.000,0.000,0.006,0.092,0.000,0.000,0.000,0.000,0.000,0.845
30.000,35.572,190.000,13.600,8468.000,1282.000,14.000,3656.470,0.000,1.000,71.000,5.400,1.608,9.600,0.887,7.774,0.000,0.000,0.000,0.171,0.258,0.129,0.000,0.000,0.000,0.000,0.000,0.000,0.000,0.000,0.000,0.000,0.000,0.005,0.000,0.000
31.000,37.334,1008.000,9.300,9920.000,454.000,60.000,1356.180,0.000,1.000,39.500,6.600,1.675,32.197,11.306,11.525,0.007,0.000,0.000,0.490,1.013,2.979,0.000,0.005,0.330,0.000,0.000,0.000,0.623,0.000,0.000,0.421,0.000,0.000,0.002,1.469
32.000,40.921,2263.000,0.300,5423.000,1098.000,29.000,3364.762,0.000,1.000,42.450,5.400,3.132,15.711,2.141,6.794,0.004,0.000,0.122,0.013,1.746,0.343,0.000,0.000,0.000,0.000,0.000,0.000,0.235,0.326,0.000,0.000,0.000,0.000,0.000,1.833
33.000,36.203,430.000,11.900,9932.000,877.000,50.000,2936.740,0.000,1.000,92.000,5.600,3.344,13.256,0.128,0.005,0.003,0.003,0.196,0.000,0.005,0.008,0.000,0.005,0.000,0.000,0.000,0.000,0.000,0.000,0.000,0.003,0.000,0.003,0.000,0.000
34.000,42.417,17.000,9.800,4044.000,764.000,64.000,2645.022,0.000,1.000,64.700,5.800,5.524,17.683,0.000,2.811,0.000,0.000,0.003,0.000,0.003,1.282,0.000,0.000,0.000,0.727,0.000,0.000,0.000,0.000,0.000,0.000,0.000,0.000,1.375,0.195
35.000,36.455,1965.000,5.700,6539.000,882.000,69.000,2912.650,0.000,1.000,49.300,6.100,4.267,9.939,0.010,1.202,0.014,0.000,0.000,0.396,0.345,0.475,1.291,0.024,0.000,0.249,0.000,0.000,0.000,0.000,0.000,0.222,0.000,0.000,0.000,0.072
36.000,39.152,1281.000,5.500,6055.000,1647.000,65.000,3826.130,0.000,1.000,44.000,5.400,21.535,3.489,0.005,0.300,0.542,0.000,0.000,0.015,0.000,0.010,0.010,0.073,0.000,0.092,0.000,0.000,0.087,0.000,0.000,0.000,0.000,0.000,0.000,0.000
37.000,37.701,276.000,9.000,10846.000,855.000,46.000,2763.240,0.000,1.000,12.000,5.600,1.041,4.560,0.002,0.016,2.794,0.000,0.000,0.000,0.000,0.000,0.000,0.062,0.000,0.018,0.000,0.000,0.073,0.000,0.214,0.000,0.000,0.000,0.000,0.016
38.000,34.802,161.000,19.100,7299.000,883.000,26.000,2699.340,0.000,1.000,80.200,7.500,4.189,18.426,3.987,4.345,2.016,0.457,1.184,1.044,0.159,0.000,0.242,0.052,0.000,0.222,0.047,0.000,0.002,0.000,0.791,0.000,0.000,0.043,0.037,0.069
39.000,36.766,325.000,11.100,10368.000,867.000,48.000,2901.130,0.000,1.000,75.700,6.500,3.889,9.529,0.410,2.066,1.071,0.000,0.000,0.339,0.048,0.061,0.011,3.103,0.000,0.002,0.066,0.058,0.002,0.000,0.000,0.718,0.000,0.000,0.000,0.016
40.000,36.715,427.000,10.900,10278.000,810.000,51.000,2567.610,0.000,1.000,67.700,7.600,3.177,7.041,0.015,0.025,4.821,0.000,0.002,0.000,0.099,0.000,0.007,0.481,0.000,0.000,0.010,0.017,0.091,0.000,0.007,0.000,0.000,0.000,0.000,0.025
41.000,37.082,398.000,10.500,10580.000,739.000,53.000,2711.480,0.000,1.000,63.500,7.200,4.423,14.190,2.418,6.924,0.000,0.000,0.000,1.000,1.385,0.597,0.000,0.000,0.051,0.000,0.000,0.000,0.000,0.000,0.000,0.000,0.000,0.008,0.081,0.439
42.000,37.492,462.000,9.600,10715.000,721.000,54.000,2631.850,0.000,1.000,80.100,6.100,5.001,0.834,0.077,0.043,0.004,0.000,0.004,0.055,0.000,0.006,0.000,0.008,0.028,0.000,0.000,0.000,0.000,0.014,0.041,0.016,0.093,0.000,0.004,0.018
43.000,38.309,430.000,7.900,11281.000,733.000,54.000,2780.500,0.000,1.000,76.200,6.700,6.392,6.382,1.989,0.109,0.004,0.000,0.417,0.526,0.020,0.020,1.435,0.065,0.000,0.378,0.002,0.061,0.028,0.085,0.111,0.000,0.013,0.043,0.000,0.011
44.000,38.749,373.000,7.100,11371.000,789.000,53.000,2317.130,0.000,1.000,38.300,6.300,5.301,5.421,0.008,0.007,3.066,0.000,0.000,0.163,0.005,0.002,0.017,0.068,0.001,0.001,0.146,0.025,0.055,0.000,0.000,0.001,0.000,0.000,0.000,0.010
45.000,38.666,484.000,7.200,11443.000,625.000,52.000,2744.980,0.000,1.000,57.200,7.100,4.979,4.718,0.047,0.268,0.496,0.066,0.003,0.008,0.074,0.034,0.000,0.000,0.000,0.037,0.000,0.179,0.003,0.000,0.117,0.103,0.043,0.003,0.117,0.013
46.000,38.989,511.000,6.500,11583.000,599.000,57.000,3050.440,0.000,1.000,61.300,6.400,4.423,13.757,0.182,0.218,0.000,0.002,0.027,0.120,0.042,0.021,0.002,0.006,0.000,0.257,0.236,0.961,0.225,0.002,1.137,0.033,0.002,0.009,0.000,0.029
47.000,39.142,486.000,6.200,11674.000,580.000,60.000,2879.530,0.000,1.000,74.000,7.900,8.071,24.452,6.556,0.439,0.004,0.091,2.531,3.415,1.284,0.006,0.047,0.006,0.029,0.003,1.139,4.036,0.000,0.137,1.208,0.000,0.100,0.538,0.017,0.025
48.000,41.256,308.000,4.600,12608.000,567.000,57.000,2350.720,0.000,1.000,25.100,7.100,5.020,2.351,0.126,1.055,0.000,0.000,0.000,0.017,0.000,0.221,0.000,0.000,0.000,0.015,0.000,0.002,0.033,0.000,0.080,0.000,0.018,0.018,0.000,0.003
49.000,36.215,360.000,12.100,9974.000,863.000,51.000,2704.750,0.000,1.000,78.000,6.370,0.952,3.613,0.020,0.770,0.000,0.000,0.021,0.063,0.005,0.217,0.000,0.000,0.021,0.000,0.000,0.000,0.000,0.000,0.015,0.222,0.000,0.044,0.000,0.016
50.000,35.784,62.000,26.500,729.000,2476.000,59.000,6145.780,1.000,0.000,28.900,4.360,2.120,17.165,1.125,2.458,0.377,0.000,0.171,0.181,0.835,0.215,0.000,0.000,0.140,3.500,0.000,0.000,0.000,0.000,0.000,0.132,4.113,0.000,0.000,0.341
51.000,35.784,74.000,26.400,734.000,2513.000,59.000,6213.140,1.000,0.000,42.800,4.510,2.165,16.066,3.187,1.000,0.000,0.000,0.063,5.509,0.000,0.028,0.000,0.000,0.000,0.259,0.000,0.000,0.885,0.012,0.257,0.018,0.000,0.084,0.000,0.000
52.000,35.784,116.000,26.200,721.000,2540.000,58.000,5653.580,1.000,0.000,57.000,5.000,4.679,18.268,0.528,7.000,0.000,0.116,0.058,1.323,0.128,0.298,0.000,1.106,0.000,0.000,1.403,0.055,1.067,0.000,0.000,0.101,0.000,0.462,0.041,0.000
53.000,38.858,396.000,24.700,720.000,3085.000,41.000,3387.960,1.000,0.000,65.000,4.120,5.691,37.542,14.267,19.065,0.000,0.000,0.000,1.332,0.146,0.140,0.000,0.000,0.000,0.000,0.000,0.040,0.000,0.000,0.003,0.000,0.155,0.000,0.000,0.026
54.000,35.787,161.000,26.000,683.000,2629.000,57.000,6427.310,1.000,0.000,65.000,5.880,5.657,22.839,1.585,12.010,0.000,0.007,0.379,0.311,0.000,0.171,0.000,0.000,0.082,0.000,0.000,0.000,3.333,0.002,0.000,0.000,0.000,0.588,0.124,0.236
55.000,40.070,2002.000,2.800,7906.000,676.000,25.000,2758.710,1.000,0.000,50.000,7.000,8.349,14.141,0.949,5.698,0.279,0.000,0.314,0.928,1.021,0.381,0.000,0.148,0.102,0.090,0.079,0.026,0.745,0.006,0.000,0.006,0.061,0.003,0.180,0.131
56.000,40.070,2002.000,2.800,7906.000,676.000,25.000,2758.710,1.000,0.000,50.000,6.500,9.095,17.125,6.288,2.256,0.003,0.000,0.223,1.736,1.561,0.156,0.000,0.609,0.288,0.113,0.000,0.000,0.000,0.000,0.000,0.077,0.089,0.000,0.000,0.156
57.000,40.070,2002.000,2.800,7906.000,676.000,25.000,2758.710,1.000,0.000,25.000,4.900,9.295,13.262,1.730,5.640,0.002,0.004,0.082,0.091,0.644,0.557,0.000,0.321,0.049,0.212,0.065,0.009,0.051,0.207,0.000,0.214,0.000,0.000,0.000,0.040
58.000,40.070,2002.000,2.800,7906.000,676.000,25.000,2758.710,1.000,0.000,25.000,4.900,3.299,11.738,2.670,0.662,0.000,0.121,5.145,0.098,0.010,0.000,0.019,0.000,0.068,0.002,0.000,0.004,0.000,0.001,0.057,0.000,0.123,0.863,0.645,0.069
59.000,40.070,2002.000,2.800,7906.000,676.000,25.000,2758.710,1.000,0.000,25.000,5.900,2.643,14.305,0.093,7.905,0.008,0.000,0.003,0.005,0.191,0.729,0.000,0.003,0.003,0.000,0.000,0.000,0.000,0.000,0.000,0.395,0.000,0.003,0.314,0.000
60.000,40.070,2002.000,2.800,7906.000,676.000,25.000,2758.710,1.000,0.000,20.000,7.100,2.610,1.881,0.004,0.181,0.002,0.000,0.000,0.000,0.259,0.035,0.000,0.002,0.000,0.013,0.000,0.052,0.000,0.000,0.000,0.000,0.000,0.000,0.222,0.000
61.000,40.070,2002.000,2.800,7906.000,676.000,25.000,2758.710,1.000,0.000,5.000,6.600,10.674,12.065,0.066,0.225,0.726,0.000,0.000,0.075,0.000,0.598,0.000,0.000,0.272,0.081,0.000,0.429,0.000,0.000,0.000,0.147,0.000,0.000,0.047,0.163
62.000,40.070,2002.000,2.800,7906.000,676.000,25.000,2758.710,1.000,0.000,50.000,5.000,2.242,5.970,0.212,1.986,0.117,0.000,0.011,0.159,1.083,0.000,0.000,0.042,0.000,0.000,0.042,0.000,0.000,0.000,0.000,0.000,0.000,0.000,0.000,0.032
63.000,40.070,2002.000,2.800,7906.000,676.000,25.000,2758.710,1.000,0.000,50.000,5.900,4.556,7.974,0.095,1.440,0.316,0.000,0.109,0.050,0.329,0.235,0.052,0.077,0.000,0.096,0.028,0.204,0.000,0.000,0.077,0.011,0.000,0.718,0.000,0.026
64.000,40.070,2002.000,2.800,7906.000,676.000,25.000,2758.710,1.000,0.000,50.000,5.500,7.370,2.971,0.058,0.032,0.176,0.000,0.000,0.007,0.019,0.025,0.042,1.556,0.000,0.060,0.000,0.000,0.000,0.000,0.000,0.000,0.000,0.000,0.000,0.000
65.000,35.106,1564.000,12.800,7834.000,246.000,64.000,391.175,0.000,0.000,22.000,8.310,2.131,9.573,0.013,0.825,1.061,0.000,0.045,0.059,0.028,0.078,0.281,0.960,0.000,0.000,0.108,0.000,0.352,0.000,0.144,0.000,0.000,0.000,0.000,0.011
66.000,39.531,514.000,6.300,11733.000,610.000,54.000,2651.440,0.000,1.000,42.000,6.700,5.079,3.768,0.005,0.023,1.239,0.002,0.000,0.030,0.000,0.000,0.002,0.414,0.407,0.000,0.000,0.020,0.000,0.000,0.068,0.086,0.000,0.005,0.102,0.011
67.000,61.800,742.000,-11.400,14600.000,225.000,64.000,2562.458,0.000,1.000,57.000,4.580,2.610,4.314,0.000,0.002,2.049,0.000,0.000,0.069,0.000,0.000,0.000,0.849,0.000,0.000,0.000,0.678,0.000,0.000,0.000,0.000,0.005,0.002,0.000,0.000
68.000,35.784,74.000,26.400,708.000,2513.000,59.000,6213.140,1.000,0.000,57.900,5.360,2.454,19.277,0.000,5.808,0.000,0.000,0.000,0.036,0.000,0.912,0.000,0.000,0.722,0.000,0.000,0.189,0.000,0.000,0.000,1.427,0.000,0.000,0.444,0.124
69.000,43.215,133.000,16.700,5653.000,440.000,12.000,1846.120,1.000,0.000,37.768,7.920,3.798,23.933,7.923,1.385,0.000,1.405,1.640,4.899,0.000,0.000,0.000,0.000,0.112,0.000,0.000,0.509,0.000,0.000,0.000,0.041,0.000,0.000,0.000,0.000
70.000,43.213,133.000,16.700,5653.000,439.000,12.000,1720.860,1.000,0.000,45.420,7.360,5.557,20.899,8.839,0.705,0.512,0.961,0.955,2.900,0.064,0.186,0.012,0.006,0.064,0.076,0.006,0.705,0.006,0.285,1.980,0.151,0.064,0.023,0.000,0.000
71.000,42.500,129.000,17.400,5783.000,388.000,14.000,1397.490,1.000,0.000,42.297,7.370,2.272,19.315,4.601,0.180,0.477,1.773,1.840,1.228,0.454,0.004,0.056,0.000,0.210,4.049,0.023,0.011,0.030,0.270,0.278,0.008,0.665,0.008,0.105,0.011
72.000,43.722,84.000,16.300,5257.000,400.000,17.000,1914.310,1.000,0.000,41.691,6.020,8.071,15.177,1.226,0.118,1.525,7.519,0.161,0.124,0.215,0.084,0.003,0.000,0.128,0.003,0.017,0.289,0.064,0.037,0.047,0.373,0.292,0.007,0.010,0.000
73.000,43.077,118.000,16.800,5600.000,417.000,18.000,1801.310,1.000,0.000,39.695,6.770,6.425,15.129,0.855,1.167,0.799,5.705,1.055,0.175,0.031,0.169,0.000,0.012,0.612,0.006,0.025,2.091,0.100,0.162,0.019,0.000,0.175,0.006,0.000,0.000
74.000,43.187,142.000,16.700,5642.000,460.000,13.000,2260.340,1.000,0.000,45.314,7.220,7.148,20.634,0.549,0.965,0.343,8.391,0.133,0.359,0.034,0.008,0.008,0.015,1.236,0.000,0.004,0.015,0.042,0.008,0.023,0.000,0.339,0.034,0.000,0.004
75.000,43.750,90.000,16.300,5295.000,392.000,15.000,2323.420,1.000,0.000,38.314,7.090,3.393,15.196,0.286,0.652,0.080,1.397,0.307,0.196,0.005,0.076,0.175,0.009,0.286,0.017,0.000,0.487,0.095,0.019,0.009,0.009,0.047,0.031,0.000,0.000
76.000,43.750,96.000,16.300,5328.000,394.000,15.000,2209.940,1.000,0.000,61.958,7.110,8.405,11.904,0.120,0.188,0.495,7.839,0.057,0.034,0.011,0.080,0.006,0.000,0.826,0.131,0.006,0.125,0.427,0.028,0.000,0.000,0.028,0.006,0.006,0.006
77.000,43.094,131.000,16.700,5637.000,443.000,17.000,2013.080,1.000,0.000,43.992,7.160,2.944,22.531,2.371,0.619,0.337,2.270,0.354,1.141,3.322,0.025,0.011,0.000,0.195,0.435,1.124,0.025,0.318,0.045,0.290,0.000,0.106,0.020,0.061,0.000
78.000,43.818,92.000,16.200,5263.000,408.000,15.000,1958.070,1.000,0.000,38.358,8.230,5.835,19.856,2.311,2.656,2.270,1.848,1.218,0.564,0.006,0.642,0.030,0.000,0.440,0.065,0.297,0.024,0.226,0.202,0.077,0.018,0.588,0.000,0.000,0.012
79.000,43.813,91.000,16.300,5262.000,400.000,15.000,2154.680,1.000,0.000,35.714,7.880,5.457,27.202,0.615,0.487,20.830,0.994,0.064,0.513,0.224,0.019,0.019,0.000,0.789,0.058,0.077,0.321,0.237,0.058,0.013,0.000,0.096,0.006,0.026,0.000
80.000,43.813,96.000,16.200,5278.000,402.000,15.000,2384.390,1.000,0.000,27.548,6.980,9.751,15.028,3.034,1.798,1.467,1.642,0.209,0.521,0.031,0.153,0.012,0.000,0.983,0.543,0.003,0.178,1.077,0.362,0.003,0.000,0.103,0.003,0.000,0.006
81.000,42.540,125.000,17.200,5750.000,385.000,15.000,1430.640,1.000,0.000,65.117,8.270,2.672,15.622,2.179,0.818,0.420,3.598,2.403,1.593,0.130,0.123,0.000,0.007,0.543,0.174,0.000,0.007,0.014,0.123,1.013,0.072,0.384,0.072,0.000,0.000
82.000,42.540,128.000,17.200,5771.000,386.000,14.000,1485.670,1.000,0.000,47.162,9.210,1.943,24.171,10.709,0.958,0.008,4.244,0.950,0.285,0.008,0.321,0.553,1.443,0.008,0.100,0.020,0.024,0.048,0.000,0.084,0.160,0.269,0.204,0.000,0.072
83.000,43.132,138.000,16.700,5686.000,456.000,13.000,2151.069,1.000,0.000,76.000,7.770,6.870,13.732,0.312,2.339,1.711,0.881,0.018,0.533,0.271,0.230,0.014,0.221,0.510,0.000,2.574,0.722,0.515,0.185,0.009,0.059,0.090,0.005,0.000,0.009
84.000,42.496,129.000,17.400,5783.000,388.000,14.000,1397.490,1.000,0.000,79.200,8.040,3.967,25.288,1.015,0.948,1.145,6.707,3.322,3.407,0.017,0.124,0.000,0.000,0.107,0.028,0.254,0.000,0.000,0.637,0.118,0.045,0.739,0.006,0.000,0.006
85.000,42.545,124.000,17.200,5768.000,383.000,15.000,1496.500,1.000,0.000,79.200,8.840,2.681,16.213,0.878,0.507,0.435,1.479,1.577,0.079,0.004,0.117,0.004,0.004,0.537,0.620,0.000,0.004,0.004,0.306,0.121,0.942,0.083,0.000,0.000,0.004
86.000,42.495,129.000,17.400,5782.000,386.000,15.000,1705.340,1.000,0.000,51.657,8.330,2.962,17.627,1.015,2.188,0.275,1.015,1.073,0.507,0.050,0.083,0.067,0.000,0.017,0.000,0.017,0.008,0.000,0.058,0.042,0.275,0.250,0.000,0.025,0.000
87.000,42.028,172.000,18.600,5859.000,341.000,23.000,932.439,1.000,0.000,67.395,7.600,1.747,25.493,5.191,0.175,4.758,7.874,1.245,0.415,0.009,0.000,0.793,0.009,0.000,0.609,0.221,0.018,0.553,0.000,0.000,0.000,0.092,0.028,0.507,0.009
88.000,42.019,167.000,18.600,5814.000,341.000,23.000,1144.480,1.000,0.000,77.635,6.530,2.187,17.107,0.477,0.169,5.097,2.738,0.353,0.180,0.131,0.004,0.120,4.849,0.109,0.173,0.071,0.000,0.105,0.894,0.000,0.060,0.207,0.000,0.026,0.004
89.000,42.245,222.000,17.500,5778.000,392.000,19.000,1353.890,1.000,0.000,84.647,7.890,1.222,31.702,3.368,0.081,2.521,3.483,0.610,0.115,0.068,0.014,0.108,0.657,0.034,0.590,0.095,0.041,0.047,1.660,0.000,0.000,1.640,0.007,0.007,0.007
90.000,42.248,233.000,17.500,5745.000,398.000,19.000,1436.610,1.000,0.000,76.710,7.890,2.512,15.985,0.457,0.235,0.451,0.277,0.084,0.078,0.180,0.054,0.090,0.241,0.000,0.006,0.078,0.084,0.277,2.130,0.006,0.000,0.012,0.247,0.018,0.000
91.000,42.779,114.000,17.100,5725.000,409.000,13.000,1335.500,1.000,0.000,57.631,6.440,2.459,9.341,0.714,0.725,1.417,0.863,0.539,0.755,0.041,0.004,0.149,0.004,0.000,0.041,1.532,0.004,0.108,0.041,0.019,0.004,0.022,0.000,0.004,0.011
92.000,42.774,115.000,17.000,5725.000,411.000,13.000,1404.590,1.000,0.000,74.457,6.470,3.398,7.802,0.453,0.245,0.812,0.740,0.068,0.198,0.000,0.276,0.385,0.698,0.000,0.005,0.016,0.656,0.516,0.141,0.026,0.000,0.005,0.182,0.000,0.005
93.000,42.780,117.000,17.000,5699.000,407.000,14.000,1335.130,1.000,0.000,66.917,6.110,2.152,5.778,0.319,0.263,3.622,0.127,0.301,0.056,0.014,0.038,0.042,0.014,0.000,0.019,0.000,0.019,0.117,0.103,0.000,0.033,0.000,0.000,0.005,0.000
94.000,42.688,107.000,17.100,5725.000,392.000,15.000,1287.160,1.000,0.000,62.737,6.330,1.653,18.661,0.242,0.067,14.073,0.150,0.150,0.067,0.159,0.000,0.150,0.468,0.000,0.008,0.017,0.017,0.117,0.451,0.000,0.008,0.008,0.142,0.025,0.008
95.000,42.683,111.000,17.100,5704.000,397.000,14.000,1429.820,1.000,0.000,74.958,5.980,2.027,14.482,4.109,0.653,2.009,1.160,1.972,0.543,0.714,0.037,0.317,0.366,0.000,0.372,0.006,0.000,0.116,0.006,0.165,0.006,0.043,0.000,0.006,0.000
96.000,43.303,151.000,16.600,5667.000,472.000,15.000,1977.760,1.000,0.000,73.102,5.760,1.898,10.644,1.048,0.353,2.606,1.134,0.200,1.440,0.299,0.082,1.658,0.089,0.000,0.078,0.007,0.000,0.431,0.014,0.032,0.021,0.018,0.064,0.000,0.000
97.000,43.326,190.000,16.300,5688.000,491.000,15.000,2043.030,1.000,0.000,71.236,6.010,2.076,23.079,0.685,0.249,1.598,0.096,0.061,0.166,0.646,0.009,0.279,0.742,0.013,0.074,0.035,0.017,0.148,0.013,0.057,0.026,0.070,0.009,0.000,0.013
98.000,43.239,122.000,16.700,5648.000,415.000,14.000,2148.160,1.000,0.000,85.524,6.020,1.836,14.005,5.683,0.274,0.241,1.088,1.754,1.671,0.055,0.011,0.778,0.066,0.203,0.003,0.055,0.290,0.096,0.104,0.244,0.005,0.014,0.003,0.000,0.003
99.000,43.229,121.000,16.700,5634.000,414.000,16.000,1954.080,1.000,0.000,79.085,5.780,1.538,25.681,2.058,0.604,1.592,0.153,0.113,6.595,0.014,0.003,0.058,8.459,0.000,0.009,0.006,0.003,0.760,0.751,1.442,0.052,0.012,0.012,0.000,0.032
100.000,43.308,149.000,16.600,5667.000,474.000,15.000,1756.240,1.000,0.000,77.428,5.890,2.534,9.312,0.892,0.380,0.421,0.330,2.623,2.103,0.392,0.000,0.107,0.603,0.004,0.041,0.000,0.004,0.165,0.025,0.029,0.021,0.054,0.004,0.000,0.000
101.000,42.709,110.000,17.100,5672.000,395.000,14.000,1185.450,1.000,0.000,61.800,6.500,2.232,13.316,0.228,0.056,0.627,0.015,0.152,0.081,0.046,0.000,0.015,0.020,0.000,0.005,0.677,0.000,0.096,0.025,0.000,0.025,0.000,0.000,7.159,0.000
102.000,43.264,119.000,16.700,5593.000,415.000,17.000,2008.120,1.000,0.000,27.600,5.860,3.193,13.059,0.361,0.111,10.147,0.031,0.091,0.282,0.270,0.031,0.048,0.151,0.000,0.000,0.080,0.060,0.057,0.003,0.011,0.003,0.003,0.011,0.518,0.009
103.000,42.245,199.000,17.700,5769.000,390.000,19.000,1172.080,1.000,0.000,22.300,7.750,3.331,21.626,4.366,0.174,8.569,1.094,2.416,0.735,0.000,0.074,0.624,0.523,0.000,0.011,0.000,0.005,0.809,0.079,0.000,0.011,0.005,0.174,0.412,0.032
104.000,42.030,180.000,18.500,5822.000,346.000,22.000,922.272,1.000,0.000,37.100,7.360,2.743,10.573,1.047,0.281,4.154,0.456,0.581,0.074,0.037,0.000,0.207,0.028,0.000,0.009,0.018,0.277,0.124,2.679,0.005,0.009,0.028,0.005,0.046,0.009
105.000,43.096,128.000,16.700,5647.000,416.000,15.000,2581.210,1.000,0.000,23.468,6.000,4.801,20.085,0.319,0.111,1.995,2.368,0.108,0.219,0.650,0.123,0.042,0.004,0.104,0.054,0.554,0.319,0.027,2.168,0.069,0.031,0.192,0.004,0.000,0.004
106.000,43.102,130.000,16.700,5660.000,416.000,15.000,2710.750,1.000,0.000,39.947,6.060,3.967,36.628,0.116,0.142,1.124,0.720,0.147,0.147,0.116,0.011,0.021,0.042,0.783,0.142,0.368,0.562,0.016,0.809,0.772,0.011,0.079,0.000,0.000,0.016
107.000,43.101,128.000,16.700,5616.000,421.000,17.000,2544.960,1.000,0.000,28.631,5.660,7.393,23.665,2.091,0.051,17.421,0.764,0.012,0.059,0.154,0.000,0.004,0.000,0.051,0.012,0.067,1.663,0.000,0.024,0.245,0.000,0.210,0.036,0.004,0.016
108.000,43.108,123.000,16.700,5599.000,419.000,18.000,2165.040,1.000,0.000,24.906,5.840,6.392,7.888,1.995,0.075,0.447,1.745,0.092,0.129,0.184,0.050,0.013,0.000,0.000,0.079,0.079,1.269,0.071,0.013,0.000,0.000,0.104,0.004,0.000,0.000
109.000,43.088,124.000,16.700,5600.000,421.000,17.000,2347.120,1.000,0.000,23.610,5.850,10.418,11.833,0.526,0.121,4.630,2.505,0.121,0.289,0.164,0.026,0.000,0.000,0.004,0.013,0.569,0.160,0.022,0.013,0.034,0.000,0.121,0.160,0.000,0.009
110.000,44.160,130.000,15.700,5364.000,520.000,16.000,2697.150,1.000,0.000,20.612,7.050,7.137,7.138,0.075,0.205,1.261,1.398,0.000,0.034,0.409,0.020,0.000,0.055,0.095,0.055,0.020,0.348,0.280,0.061,0.157,0.007,0.014,0.007,0.014,0.000
111.000,44.177,131.000,15.700,5371.000,521.000,17.000,2921.200,1.000,0.000,22.381,5.580,8.583,26.888,0.198,0.122,1.966,0.015,0.000,0.875,0.255,0.004,0.000,0.639,0.091,0.027,0.000,0.042,0.038,0.114,0.856,0.034,0.019,0.057,0.042,0.042
112.000,44.172,125.000,15.800,5298.000,512.000,16.000,2884.330,1.000,0.000,24.476,6.480,6.091,22.232,0.376,0.672,1.157,0.068,0.000,0.803,0.581,0.114,0.000,1.242,0.057,0.530,0.074,0.644,0.165,0.114,2.872,0.040,0.085,0.108,0.006,0.000
113.000,44.146,128.000,15.800,5307.000,510.000,17.000,3026.080,1.000,0.000,31.670,5.150,6.436,15.228,0.118,0.019,0.656,0.113,0.005,0.335,0.330,0.024,0.000,3.484,0.047,0.071,0.175,0.146,0.137,0.123,0.633,0.071,0.038,0.057,0.019,0.000
114.000,44.112,128.000,15.800,5330.000,504.000,17.000,3163.020,1.000,0.000,20.620,5.310,8.661,8.698,0.162,0.134,0.170,0.099,0.008,0.273,0.716,0.146,0.008,0.142,0.047,0.083,0.016,0.000,0.115,0.012,0.787,0.024,0.059,0.079,0.059,0.000
115.000,44.095,126.000,15.900,5332.000,498.000,17.000,2834.070,1.000,0.000,23.303,5.580,6.280,17.291,0.325,0.472,0.382,0.022,0.000,1.057,1.147,0.202,0.000,0.222,0.639,0.157,0.112,0.276,0.032,3.008,1.301,0.350,0.100,0.035,0.006,0.000
116.000,43.727,90.000,16.400,5263.000,396.000,16.000,2328.090,1.000,0.000,33.464,6.770,4.234,20.236,0.177,0.060,9.838,1.586,0.026,0.026,0.804,0.004,0.000,0.000,0.000,0.045,0.259,0.116,0.075,0.011,0.368,0.000,0.098,0.015,0.068,0.000
117.000,43.723,88.000,16.300,5246.000,400.000,16.000,2084.080,1.000,0.000,33.429,5.360,5.580,7.559,0.251,0.056,2.605,0.614,0.004,0.195,0.130,0.013,0.000,0.000,0.000,0.013,0.048,0.701,0.164,0.069,0.004,0.013,0.035,0.017,0.000,0.004
118.000,43.709,86.000,16.400,5243.000,396.000,16.000,2099.280,1.000,0.000,31.274,7.050,6.670,13.620,1.255,0.544,5.832,0.962,0.019,0.051,1.245,0.261,0.000,0.000,0.010,0.196,0.212,0.039,0.351,1.026,0.142,0.013,0.228,0.061,0.035,0.000
119.000,43.717,90.000,16.400,5262.000,388.000,16.000,1878.810,1.000,0.000,39.006,6.470,4.423,10.502,0.700,0.441,2.212,0.501,0.013,0.091,1.179,0.073,0.000,0.000,0.052,0.043,0.186,0.173,0.536,2.087,0.216,0.009,0.147,0.065,0.000,0.009
120.000,43.079,127.000,16.800,5596.000,424.000,18.000,2486.880,1.000,0.000,89.900,6.140,2.320,12.139,1.658,0.615,0.584,0.702,0.962,0.373,0.435,0.279,0.019,0.093,0.068,0.056,0.186,0.068,0.273,0.112,0.149,0.242,0.186,0.273,0.012,0.037
121.000,43.759,84.000,16.300,5240.000,405.000,17.000,2121.140,1.000,0.000,76.200,7.850,7.348,12.965,1.796,1.080,1.636,0.266,0.385,1.665,0.323,0.016,0.094,0.393,0.233,0.106,0.119,0.070,0.520,1.739,0.082,0.029,0.515,0.004,0.000,0.000
122.000,43.729,81.000,16.400,5252.000,400.000,17.000,2143.990,1.000,0.000,87.400,7.110,5.535,23.570,1.567,0.068,1.948,2.832,0.496,7.160,0.047,0.022,0.000,0.086,0.050,0.000,0.061,4.446,0.022,0.129,0.072,0.011,0.183,0.040,0.047,0.004
123.000,45.565,28.000,9.800,4472.000,668.000,12.000,5648.250,0.000,1.000,70.000,5.680,6.180,5.706,0.580,0.646,0.000,0.000,0.000,2.061,0.179,0.692,0.000,0.140,0.000,0.000,0.000,0.000,0.000,0.000,0.000,0.128,0.000,0.000,0.000,0.000
124.000,45.678,27.000,9.700,4537.000,638.000,12.000,4976.380,0.000,1.000,70.000,6.340,7.437,6.519,0.352,0.911,0.000,0.000,0.000,1.615,0.097,0.619,0.000,0.194,0.000,0.000,0.000,0.000,0.000,0.000,0.000,0.388,0.000,0.000,0.000,0.000
125.000,45.743,54.000,9.500,4531.000,652.000,11.000,5551.480,0.000,1.000,70.000,6.500,7.771,14.116,0.349,1.549,0.000,0.140,0.000,3.191,2.120,1.468,0.000,0.000,2.551,0.000,0.000,0.000,0.000,0.000,0.000,0.559,0.000,0.000,0.000,0.000
126.000,45.754,56.000,9.500,4551.000,646.000,12.000,5854.370,0.000,1.000,70.000,6.860,7.882,8.583,0.431,0.539,0.000,0.000,0.660,0.701,0.243,0.243,0.000,0.027,0.229,0.000,0.000,0.000,0.000,0.000,0.000,0.404,0.000,0.000,0.000,0.000
127.000,45.781,79.000,9.400,4539.000,663.000,11.000,5256.020,0.000,1.000,70.000,6.030,6.603,12.063,0.522,0.158,0.000,0.000,0.144,4.763,0.275,0.041,0.000,0.729,0.144,0.000,0.000,0.007,0.000,0.007,0.041,0.124,0.000,0.000,0.000,0.000
138.000,44.673,5.000,9.700,4572.000,833.000,18.000,5873.630,0.000,1.000,70.000,5.550,4.044,9.626,0.317,0.801,0.000,0.000,0.200,0.834,0.017,0.000,0.000,0.017,0.033,0.017,0.000,0.000,0.000,0.000,0.000,0.000,0.017,0.017,0.000,0.000
145.000,47.595,316.000,7.600,4567.000,1318.000,23.000,6150.390,0.000,1.000,85.000,6.710,8.111,8.490,0.703,1.860,0.158,0.000,0.000,0.168,2.870,0.435,0.000,0.000,0.129,0.000,0.000,0.000,0.000,0.020,0.000,0.069,0.000,0.000,0.020,0.000
149.000,44.457,172.000,9.700,4354.000,1091.000,25.000,5775.460,0.000,1.000,80.000,4.740,4.679,22.597,0.075,0.279,0.082,0.000,0.000,0.007,0.225,0.034,0.000,0.095,0.007,0.000,0.000,0.000,0.014,0.000,0.034,0.027,0.000,0.068,0.000,0.000
151.000,44.502,125.000,10.200,4222.000,1018.000,25.000,6444.090,0.000,1.000,85.000,5.180,4.356,5.227,0.339,0.741,0.000,0.000,0.000,0.277,0.021,0.007,0.000,0.007,0.021,0.035,0.118,0.000,0.000,0.000,0.166,0.000,0.000,0.000,0.000,0.000
160.000,45.995,46.000,9.400,4842.000,602.000,11.000,4421.340,0.000,1.000,30.000,4.720,9.090,3.667,0.615,0.157,0.000,0.000,0.285,0.121,0.222,0.958,0.000,0.043,0.000,0.141,0.000,0.036,0.007,0.023,0.088,0.065,0.000,0.000,0.000,0.000
165.000,45.350,224.000,8.800,4614.000,756.000,13.000,4601.870,0.000,1.000,70.000,7.620,2.943,14.170,2.429,0.164,0.000,0.000,0.000,0.148,1.390,0.180,0.000,0.000,0.250,0.008,0.000,0.000,0.000,0.000,0.000,0.586,0.000,0.000,0.000,0.000
172.000,49.657,1216.000,7.300,5174.000,217.000,51.000,191.325,0.000,1.000,9.504,6.759,0.697,14.432,4.705,3.064,0.049,0.009,1.011,0.143,2.069,0.019,0.000,0.202,0.000,0.000,0.030,1.675,0.139,0.000,0.173,0.000,0.574,0.012,0.070,0.000
174.000,49.131,1195.000,7.400,5009.000,284.000,65.000,245.351,0.000,0.000,28.695,6.976,1.458,32.449,13.496,4.141,0.103,0.002,5.127,0.987,2.081,0.028,0.387,0.289,0.000,0.002,1.438,1.597,0.028,0.000,0.026,0.000,0.582,0.000,0.044,0.000
175.000,48.931,1074.000,7.800,4786.000,416.000,72.000,335.597,0.000,0.000,26.361,6.832,0.914,20.277,6.462,7.057,0.040,0.011,1.973,0.558,1.330,0.146,0.000,0.058,0.000,0.005,0.200,1.224,0.139,0.000,0.039,0.037,0.026,0.118,0.021,0.000
176.000,43.089,85.000,16.900,5234.000,318.000,13.000,1225.150,1.000,0.000,22.826,7.487,2.061,10.977,3.452,2.147,0.000,0.057,1.396,0.468,0.000,0.538,0.004,0.000,0.000,0.653,0.029,0.033,0.000,0.209,0.000,0.312,0.435,0.004,0.000,0.000
177.000,43.117,72.000,17.000,5228.000,312.000,14.000,1463.630,1.000,0.000,21.496,6.780,1.124,18.706,1.064,4.635,0.098,0.049,1.644,0.353,0.027,2.184,0.003,0.016,0.583,0.157,0.005,0.000,0.076,0.000,0.000,0.122,0.149,0.000,0.049,0.000
178.000,42.985,84.000,17.100,5254.000,308.000,13.000,1169.120,1.000,0.000,26.130,7.398,1.365,20.912,3.357,0.278,0.093,2.302,3.551,0.247,0.000,0.033,0.088,0.000,0.000,6.056,0.068,0.046,0.000,0.000,0.086,0.071,0.518,0.000,0.011,0.382
179.000,42.953,110.000,17.000,5260.000,312.000,13.000,1012.600,1.000,0.000,13.704,7.082,1.021,9.820,1.477,2.333,0.000,0.575,0.505,0.104,0.023,0.005,0.615,0.002,0.169,0.457,0.000,0.032,0.083,0.017,0.005,0.356,0.141,0.000,0.006,0.060
180.000,42.940,94.000,17.100,5294.000,312.000,12.000,1472.590,1.000,0.000,22.755,7.297,1.385,11.518,1.407,0.526,0.116,0.447,0.513,0.410,0.046,0.949,0.055,0.114,1.317,2.001,0.002,0.042,0.149,0.000,0.011,0.002,0.815,0.026,0.099,0.118
181.000,41.955,280.000,18.100,5837.000,448.000,24.000,1386.930,0.000,0.000,41.887,6.818,1.951,10.329,0.985,0.313,0.461,2.036,0.412,0.106,0.194,0.062,2.264,0.000,0.047,0.162,0.032,0.000,0.039,0.207,0.005,0.183,0.146,0.035,0.000,0.037
182.000,42.100,199.000,18.200,5750.000,508.000,25.000,1926.360,0.000,0.000,72.111,6.257,2.633,6.175,0.293,1.353,0.090,0.303,0.605,0.126,0.036,0.284,0.207,0.022,0.007,0.062,0.000,0.000,0.036,0.000,0.000,1.385,0.246,0.029,0.005,0.000
183.000,41.485,261.000,15.400,2423.000,67.000,110.000,319.925,0.000,0.000,28.888,7.758,0.317,2.119,0.954,0.334,0.000,0.023,0.088,0.320,0.006,0.013,0.083,0.000,0.000,0.036,0.001,0.003,0.000,0.000,0.000,0.000,0.000,0.000,0.000,0.000
184.000,41.577,188.000,14.800,2264.000,79.000,104.000,425.081,0.000,0.000,24.523,7.288,0.873,26.742,9.812,2.982,0.000,4.378,1.968,2.186,0.000,1.852,0.846,0.000,0.008,1.128,0.002,0.083,0.000,0.000,0.036,0.004,0.000,0.047,0.000,0.000
185.000,41.787,221.000,15.300,2656.000,130.000,127.000,792.878,0.000,0.000,15.083,6.742,0.946,35.557,2.990,13.102,0.000,1.618,7.056,1.347,0.027,2.118,0.001,0.021,0.003,0.118,0.027,0.019,0.000,0.000,0.004,0.012,0.158,0.001,0.013,0.000
186.000,41.927,443.000,14.300,2852.000,177.000,114.000,774.306,0.000,0.000,29.448,6.608,1.410,28.068,7.480,3.290,0.000,2.848,4.831,5.174,0.077,0.142,0.757,0.063,0.000,0.030,0.276,0.046,0.053,0.010,0.195,0.001,0.003,0.007,0.001,0.000
187.000,43.149,637.000,-1.100,16016.000,344.000,113.000,964.646,0.000,1.000,38.157,6.627,2.651,14.457,0.259,8.601,0.000,0.041,0.200,0.155,0.159,0.139,0.068,0.007,0.061,0.658,1.169,0.431,0.013,0.032,0.013,0.547,0.025,0.021,0.000,0.064
188.000,43.326,612.000,-1.300,16274.000,329.000,116.000,1431.354,0.000,1.000,18.105,6.707,1.581,31.573,2.164,24.556,0.000,0.000,0.587,0.281,0.225,0.331,0.279,0.463,0.002,0.023,0.765,0.020,0.011,0.024,0.054,0.028,0.418,0.008,0.000,0.003
189.000,43.323,729.000,-1.800,16184.000,314.000,120.000,1228.438,0.000,1.000,31.941,6.672,2.699,20.842,1.757,9.574,0.000,0.067,0.285,0.136,3.229,0.113,0.218,0.000,0.002,0.187,0.690,0.075,0.055,0.390,0.004,1.233,0.017,0.000,0.000,0.067
190.000,42.887,593.000,0.000,15512.000,273.000,124.000,1061.500,0.000,1.000,33.778,7.098,2.180,15.866,2.296,3.837,0.002,0.099,0.705,0.159,0.763,0.028,2.827,0.004,0.003,0.437,1.432,0.797,0.041,0.038,0.049,0.065,0.054,0.007,0.000,0.456
191.000,42.527,580.000,0.900,14957.000,251.000,127.000,768.514,0.000,1.000,34.219,7.118,2.034,26.808,3.591,9.748,0.000,0.011,2.370,0.028,0.096,0.017,5.288,0.000,0.016,0.196,0.272,0.065,0.017,0.021,1.430,0.060,0.322,0.001,0.000,1.475
192.000,42.200,629.000,1.700,14452.000,194.000,105.000,930.569,0.000,1.000,25.000,7.124,1.174,21.864,5.638,5.634,0.000,0.136,2.259,0.056,0.821,0.000,1.262,0.000,0.002,0.563,0.045,0.145,0.007,0.382,1.203,0.101,0.396,0.000,0.000,0.314
193.000,35.492,2139.000,7.600,8813.000,295.000,77.000,1044.610,0.000,0.000,77.301,7.427,2.691,17.988,9.439,3.808,0.007,0.000,1.302,0.027,0.273,0.201,0.000,0.022,0.043,0.013,0.035,0.000,0.000,0.003,0.035,0.022,0.000,0.000,0.000,0.000
194.000,35.735,1518.000,11.500,9128.000,239.000,72.000,444.566,0.000,0.000,74.833,7.752,1.432,15.268,2.275,0.987,0.000,0.243,0.909,0.606,0.000,1.621,0.682,0.363,0.000,0.088,0.000,0.000,0.000,0.000,0.358,2.716,0.000,0.000,0.002,0.000
195.000,35.720,1477.000,10.600,9254.000,303.000,72.000,711.571,0.000,0.000,50.327,7.756,0.918,24.830,5.593,1.715,0.000,0.256,4.683,0.056,0.060,1.135,0.091,0.168,0.000,0.206,0.028,0.000,0.002,0.000,0.084,0.502,0.000,0.000,1.070,0.000
196.000,34.799,350.000,19.100,4997.000,288.000,104.000,1529.720,0.000,0.000,51.164,8.024,1.795,7.044,2.182,0.359,0.000,0.955,0.108,0.199,0.000,0.094,0.624,0.000,0.096,0.472,0.000,0.000,0.000,0.016,0.078,0.000,0.000,0.000,0.016,0.000
197.000,34.751,1242.000,20.700,3208.000,475.000,85.000,1400.800,0.000,0.000,58.036,8.008,3.316,4.797,0.637,0.705,0.271,0.093,0.003,0.310,0.000,0.000,0.474,0.000,0.067,0.000,0.054,0.000,0.050,0.000,0.000,0.000,0.142,0.000,0.063,0.000
198.000,34.716,1960.000,17.100,3161.000,359.000,55.000,808.336,0.000,0.000,51.875,8.312,2.027,6.352,1.887,0.609,0.000,0.991,0.276,0.295,0.000,0.031,0.228,0.226,0.202,0.043,0.048,0.000,0.000,0.009,0.031,0.021,0.000,0.079,0.000,0.027
199.000,34.736,2000.000,17.500,2770.000,553.000,71.000,2951.740,0.000,0.000,55.592,8.430,2.142,6.724,1.861,1.209,0.000,0.058,0.080,0.334,0.000,0.054,0.000,0.038,0.038,0.078,0.060,0.000,0.056,0.072,0.439,0.024,0.000,0.302,0.050,0.000
200.000,34.737,1023.000,22.000,3572.000,571.000,76.000,1051.050,0.000,0.000,72.949,8.412,2.296,34.724,17.638,1.468,0.000,0.449,0.087,0.541,0.000,0.047,0.077,0.000,7.448,0.451,0.012,0.012,0.000,0.010,0.709,0.007,0.600,0.050,0.000,0.000
201.000,34.719,2202.000,16.500,2944.000,371.000,58.000,1196.700,0.000,1.000,43.142,8.150,2.464,12.047,1.251,1.149,0.000,0.752,0.443,3.203,0.038,0.033,0.064,0.021,0.003,0.386,0.016,0.064,0.535,0.261,0.217,0.217,0.000,0.000,0.075,0.000
202.000,34.719,2157.000,16.800,2908.000,345.000,63.000,752.039,0.000,1.000,35.880,8.024,2.201,32.528,10.685,3.425,0.000,1.152,2.727,7.169,0.000,0.030,0.004,0.163,1.721,0.080,0.013,0.008,1.632,0.162,0.238,0.779,0.029,0.008,0.033,0.113
203.000,34.714,1995.000,17.200,3118.000,313.000,56.000,736.110,0.000,0.000,48.398,8.343,1.571,12.912,3.724,1.380,0.000,0.648,1.103,0.854,0.000,0.020,0.130,0.015,0.589,0.162,0.072,0.201,0.058,0.871,0.011,0.071,0.453,0.048,0.024,0.028
204.000,34.745,2396.000,15.400,2587.000,563.000,92.000,1245.640,0.000,1.000,33.815,6.954,1.934,15.931,0.348,1.045,1.184,0.817,0.049,1.424,0.920,0.000,0.000,0.000,0.000,0.007,2.029,0.350,0.005,0.391,1.471,0.160,0.002,0.003,1.700,0.023
205.000,34.867,1337.000,15.300,7036.000,283.000,44.000,676.789,0.000,1.000,12.994,8.446,0.641,24.260,7.658,6.177,0.073,0.119,0.587,0.066,0.002,2.870,0.000,0.000,0.348,0.058,0.216,2.326,2.307,0.000,0.085,0.000,0.000,0.002,0.000,0.000
206.000,34.967,988.000,14.700,5636.000,294.000,47.000,972.783,0.000,1.000,36.965,8.134,2.523,9.876,1.625,2.204,0.000,0.340,0.447,0.245,0.212,1.143,0.029,0.000,0.046,0.067,0.084,0.029,0.109,0.002,0.002,0.061,0.000,0.002,0.132,0.000
207.000,35.008,941.000,14.500,5696.000,321.000,50.000,1020.140,0.000,1.000,43.569,8.154,2.518,16.721,6.926,3.674,0.000,0.328,0.902,0.463,0.305,1.143,0.157,0.000,0.028,0.504,0.069,0.005,0.097,0.000,0.000,0.000,0.000,0.000,0.319,0.000
208.000,34.951,781.000,16.000,6055.000,265.000,44.000,635.144,0.000,1.000,43.557,8.326,1.239,17.392,5.411,2.846,0.000,1.834,0.728,0.715,0.026,0.299,0.000,0.000,0.358,0.008,0.123,0.026,2.210,0.000,0.036,0.064,0.000,0.049,0.000,0.141
209.000,35.023,863.000,15.500,5941.000,401.000,55.000,469.289,0.000,1.000,77.602,8.214,1.123,13.342,0.686,5.517,0.000,0.319,0.108,0.282,0.019,0.211,0.000,0.000,0.000,0.063,0.000,0.000,0.007,0.000,0.000,0.000,0.000,0.000,0.000,0.000
210.000,35.001,1143.000,13.900,6048.000,377.000,48.000,796.783,0.000,1.000,41.576,8.310,2.380,27.255,9.541,6.505,0.000,2.647,1.559,0.571,0.099,1.439,0.000,0.000,0.064,0.227,0.066,0.035,0.538,0.000,0.019,0.000,0.000,0.000,0.072,0.000
211.000,34.954,731.000,16.300,6233.000,289.000,46.000,639.603,0.000,1.000,22.138,8.046,0.874,27.805,4.871,6.407,0.000,0.841,0.337,0.282,0.025,6.533,0.002,0.000,0.078,0.000,0.192,0.295,2.235,0.019,0.000,0.000,0.000,0.002,0.000,0.027
212.000,34.865,1426.000,14.600,6971.000,310.000,46.000,676.789,0.000,1.000,62.519,8.460,0.831,23.341,12.931,4.204,0.000,0.151,1.002,0.014,0.000,0.823,0.000,0.000,0.000,0.473,0.070,0.372,0.362,0.000,0.006,0.000,0.000,0.000,0.000,0.002
213.000,35.038,983.000,14.700,5661.000,385.000,54.000,736.839,0.000,1.000,47.864,7.992,2.995,31.654,10.179,8.322,0.000,2.823,2.441,0.336,0.049,0.285,1.577,0.144,0.003,0.162,0.028,0.038,0.456,0.059,0.059,0.000,0.021,0.277,0.015,0.641
214.000,36.199,776.000,13.700,6472.000,415.000,34.000,1386.230,0.000,1.000,40.815,8.100,2.794,8.863,1.197,1.242,0.000,0.065,0.759,0.461,0.002,1.684,0.000,0.004,0.000,0.667,0.000,0.008,0.122,0.002,0.243,0.037,0.000,0.004,0.269,0.004
215.000,36.662,864.000,12.500,6647.000,465.000,32.000,1838.920,0.000,1.000,51.066,7.694,4.051,3.688,0.347,0.282,0.000,0.009,0.427,0.116,0.000,0.385,0.108,0.000,0.000,0.259,0.027,0.000,0.000,0.000,0.041,0.003,0.000,0.000,0.242,0.000
216.000,36.748,628.000,14.000,6730.000,432.000,37.000,1746.940,0.000,1.000,45.577,8.024,3.055,2.444,0.188,0.202,0.000,0.005,0.065,0.038,0.024,0.212,0.000,0.003,0.000,0.842,0.007,0.000,0.040,0.000,0.015,0.007,0.000,0.000,0.022,0.000
217.000,36.653,568.000,14.500,6783.000,412.000,38.000,1872.410,0.000,1.000,50.606,8.068,2.332,8.652,2.543,0.270,0.000,0.494,1.595,0.468,0.103,0.274,0.000,0.029,0.001,0.145,0.010,0.000,0.000,0.000,0.047,0.017,0.004,0.002,1.121,0.000
218.000,35.780,644.000,15.100,5902.000,378.000,40.000,1518.800,0.000,1.000,47.598,7.562,2.484,3.503,0.287,0.140,0.000,0.021,0.171,0.112,0.359,0.187,0.000,0.000,0.003,0.769,0.012,0.000,0.278,0.000,0.000,0.000,0.009,0.031,0.295,0.005
219.000,36.264,743.000,13.800,6588.000,422.000,34.000,1783.080,0.000,1.000,39.581,8.012,2.796,7.928,1.054,0.929,0.018,0.037,2.463,0.346,0.491,0.417,0.122,0.000,0.243,0.116,0.033,0.007,0.023,0.000,0.049,0.000,0.000,0.000,0.063,0.000
220.000,36.080,795.000,13.900,6013.000,444.000,34.000,1519.880,0.000,1.000,40.629,8.106,3.619,10.686,1.484,1.348,0.000,0.198,1.225,0.239,0.000,0.975,0.031,0.000,0.000,1.060,0.108,0.000,0.182,0.000,0.000,0.000,0.461,0.000,0.736,0.000
221.000,36.804,604.000,13.600,6613.000,405.000,33.000,1633.810,0.000,1.000,25.717,7.598,2.975,3.332,0.306,0.226,0.020,0.017,0.329,0.012,0.107,0.416,0.008,0.012,0.001,0.420,0.034,0.084,0.005,0.000,0.003,0.005,0.009,0.005,0.451,0.000
222.000,36.122,838.000,13.500,6276.000,422.000,34.000,1396.440,0.000,0.000,34.594,8.248,2.792,5.792,1.477,0.290,0.065,0.075,0.966,0.405,0.059,0.099,0.163,0.090,0.002,0.185,0.016,0.002,0.000,0.002,0.126,0.034,0.000,0.002,0.219,0.000
223.000,35.742,493.000,15.900,5781.000,341.000,42.000,1159.380,0.000,0.000,17.798,8.554,1.412,2.058,0.262,0.147,0.000,0.141,0.306,0.273,0.000,0.020,0.231,0.041,0.032,0.000,0.000,0.006,0.011,0.000,0.023,0.000,0.155,0.000,0.000,0.000
224.000,35.748,477.000,15.900,5754.000,339.000,42.000,1044.220,0.000,0.000,39.528,8.102,3.715,2.926,0.335,0.068,0.001,0.145,0.153,0.525,0.001,0.028,0.496,0.000,0.038,0.001,0.014,0.008,0.011,0.000,0.030,0.000,0.037,0.000,0.039,0.000
225.000,35.994,543.000,15.500,5744.000,398.000,40.000,1272.820,0.000,0.000,60.216,8.311,4.428,2.235,0.196,0.234,0.001,0.027,0.390,0.246,0.000,0.075,0.005,0.024,0.000,0.020,0.000,0.000,0.080,0.000,0.147,0.010,0.015,0.000,0.017,0.001
226.000,36.827,748.000,13.100,6643.000,453.000,37.000,1873.520,0.000,0.000,50.778,8.217,2.996,3.123,0.178,0.129,0.084,0.034,0.088,0.037,0.020,0.028,0.034,0.030,0.580,0.026,0.020,0.000,0.000,0.000,0.034,0.000,0.013,0.000,0.026,0.000
227.000,35.740,94.000,17.800,5339.000,294.000,48.000,1382.270,0.000,0.000,56.613,8.362,1.679,10.403,2.289,1.076,0.000,1.199,0.519,0.528,0.000,0.335,0.060,0.000,0.012,0.540,0.000,0.005,0.012,0.000,0.375,0.002,0.792,0.004,0.024,0.000
228.000,36.438,921.000,12.400,6396.000,466.000,29.000,1937.660,0.000,0.000,47.413,8.202,3.645,2.974,0.452,0.120,0.005,0.334,0.183,0.134,0.069,0.025,0.000,0.018,0.004,0.276,0.093,0.013,0.004,0.005,0.036,0.020,0.015,0.000,0.056,0.000
229.000,35.871,423.000,16.100,5873.000,341.000,42.000,1554.480,0.000,0.000,47.583,8.176,3.375,1.802,0.178,0.278,0.000,0.029,0.197,0.198,0.000,0.071,0.000,0.000,0.049,0.000,0.000,0.000,0.311,0.000,0.007,0.000,0.020,0.000,0.000,0.000
230.000,36.228,768.000,13.800,6533.000,420.000,34.000,1467.670,0.000,0.000,47.706,8.279,4.290,3.417,0.613,0.271,0.066,0.023,0.471,0.108,0.244,0.044,0.000,0.000,0.161,0.210,0.006,0.000,0.042,0.047,0.008,0.000,0.064,0.004,0.011,0.000
231.000,36.638,877.000,12.500,6630.000,470.000,31.000,1837.380,0.000,0.000,46.700,8.366,2.031,3.293,0.671,0.135,0.080,0.042,0.321,0.065,0.008,0.040,0.001,0.000,0.004,0.110,0.028,0.000,0.007,0.000,0.022,0.000,0.036,0.000,0.000,0.000
232.000,35.709,810.000,14.400,5971.000,405.000,39.000,1254.130,0.000,0.000,26.300,8.434,1.540,1.407,0.306,0.056,0.000,0.067,0.442,0.049,0.000,0.010,0.057,0.003,0.013,0.000,0.002,0.000,0.000,0.002,0.011,0.000,0.019,0.000,0.064,0.011
233.000,35.005,245.000,18.200,6395.000,177.000,46.000,1080.230,0.000,1.000,39.680,8.352,1.131,15.461,5.658,1.009,0.001,0.060,1.707,0.020,0.000,0.130,0.446,0.000,3.639,0.063,0.006,0.029,0.259,0.000,0.243,0.019,0.000,0.011,0.000,0.027
234.000,35.149,956.000,15.600,7149.000,355.000,27.000,1396.010,0.000,1.000,44.417,8.308,2.430,6.745,0.852,1.306,0.017,0.021,1.490,0.001,0.147,0.517,0.000,0.000,0.000,0.302,1.021,0.051,0.043,0.000,0.000,0.001,0.000,0.001,0.019,0.000
235.000,34.896,456.000,18.700,6942.000,221.000,60.000,972.783,0.000,1.000,29.381,8.370,0.810,16.394,4.532,0.418,0.000,0.254,1.772,0.017,0.463,0.040,1.845,0.000,0.344,0.189,0.029,0.017,0.306,0.000,0.005,0.000,0.000,0.000,0.034,0.029
236.000,35.127,565.000,17.100,6909.000,274.000,29.000,1027.710,0.000,1.000,43.336,8.556,1.243,6.408,0.872,1.598,0.000,0.000,0.191,0.000,0.574,0.679,0.113,0.000,0.083,0.345,0.211,0.025,0.034,0.000,0.005,0.000,0.000,0.000,0.000,0.029
237.000,35.081,396.000,17.400,6412.000,233.000,38.000,1057.200,0.000,1.000,44.959,8.344,1.715,20.864,8.390,5.655,0.000,0.160,0.695,0.038,0.287,0.996,0.000,0.000,0.001,0.212,0.042,0.096,0.021,0.064,0.038,0.000,0.000,0.020,0.013,0.000
238.000,34.875,238.000,20.000,6652.000,141.000,66.000,844.411,0.000,1.000,13.605,8.680,0.147,14.420,7.151,0.386,0.000,1.088,1.820,0.008,0.008,0.305,0.002,0.000,0.091,0.000,0.000,0.046,0.292,0.000,0.000,0.000,0.000,0.015,0.000,0.000
239.000,35.661,1643.000,11.100,7912.000,347.000,30.000,888.094,0.000,0.000,22.379,8.268,1.532,32.353,7.504,1.156,0.000,0.177,8.912,1.242,0.047,0.012,2.006,0.000,0.000,0.779,1.494,3.762,0.000,0.000,1.671,0.000,0.000,0.001,0.000,0.000
240.000,35.878,1534.000,11.600,9299.000,244.000,24.000,761.594,0.000,0.000,18.867,8.686,0.929,38.482,25.974,2.968,0.000,0.123,3.365,0.097,0.011,1.576,1.189,0.000,0.000,0.008,0.154,0.027,0.000,0.000,0.077,0.009,0.044,0.003,0.000,0.005
241.000,35.695,2088.000,9.400,8683.000,322.000,28.000,1312.500,0.000,0.000,43.799,7.982,1.540,17.828,0.587,1.473,0.402,0.004,5.554,0.011,0.009,0.037,5.568,0.000,0.000,0.002,1.443,0.346,0.000,0.000,0.002,0.000,0.000,0.000,0.036,0.000
242.000,35.627,1324.000,13.900,8905.000,140.000,27.000,738.232,0.000,0.000,1.400,7.684,0.290,36.022,23.119,0.099,0.000,2.042,7.693,0.053,0.024,0.015,0.085,0.004,0.000,0.000,0.197,0.274,0.000,0.000,0.016,0.000,0.001,0.004,0.000,0.000
243.000,35.765,1713.000,10.300,8032.000,257.000,27.000,789.440,0.000,0.000,16.979,8.090,1.059,24.429,4.064,4.252,0.000,0.445,5.442,0.933,0.148,0.022,1.532,0.000,0.001,0.002,1.593,0.235,0.000,0.006,0.038,0.000,0.000,0.029,0.000,0.000
244.000,35.733,2141.000,8.100,8567.000,381.000,27.000,1305.210,0.000,0.000,32.262,7.638,2.424,46.481,21.549,1.281,0.000,0.986,4.203,0.084,0.027,0.865,0.043,0.000,0.000,0.404,0.013,0.036,0.000,0.000,0.001,0.000,0.052,12.350,0.000,0.000
245.000,35.853,1392.000,12.400,9652.000,161.000,30.000,579.428,0.000,0.000,11.791,8.672,0.412,28.180,15.653,2.788,0.000,0.635,4.156,0.011,0.439,1.231,0.764,0.000,0.000,0.577,0.033,0.000,0.000,0.000,0.053,0.001,0.000,0.043,0.001,0.000
246.000,35.528,1498.000,12.700,8520.000,184.000,30.000,443.487,0.000,0.000,9.933,8.306,0.233,19.237,6.024,3.354,0.186,0.458,1.818,0.031,0.049,3.899,0.907,0.000,0.000,0.212,0.011,0.052,0.000,0.000,0.000,0.000,0.242,0.000,0.000,0.000
247.000,34.914,1025.000,17.500,7157.000,207.000,47.000,547.196,0.000,0.000,22.845,8.176,0.736,35.995,20.281,0.999,0.020,0.578,1.204,3.579,0.033,0.043,3.794,0.031,0.000,0.001,0.173,0.099,0.001,0.000,0.104,0.000,1.294,0.159,0.000,0.000
248.000,34.914,968.000,17.700,7181.000,197.000,47.000,470.725,0.000,0.000,9.933,8.656,0.313,41.542,24.369,0.056,0.093,1.146,1.511,2.516,0.005,0.012,1.865,0.025,0.058,0.017,0.099,0.025,0.000,0.002,0.098,0.000,0.364,0.040,0.000,0.000
249.000,35.766,912.000,22.400,422.000,766.000,41.000,3929.230,0.000,0.000,59.628,6.994,3.945,25.489,0.376,8.204,0.106,0.156,0.077,0.116,0.055,0.021,0.727,0.000,9.548,0.060,0.000,0.000,0.014,0.010,0.000,1.093,0.239,0.000,0.001,0.000
250.000,42.837,229.000,16.600,5731.000,510.000,14.000,1698.840,1.000,0.000,30.000,6.740,3.196,11.964,0.190,0.054,0.959,2.665,0.035,0.039,0.004,0.162,0.058,1.540,0.205,0.019,0.132,0.402,0.143,0.178,0.000,0.646,0.062,0.004,0.004,0.000
251.000,42.995,134.000,16.800,5696.000,438.000,14.000,1846.650,1.000,0.000,35.000,8.470,4.163,14.466,3.489,0.964,0.019,0.644,0.706,1.460,0.100,0.148,0.869,0.339,0.000,0.024,0.029,0.000,0.229,0.043,0.010,0.415,0.162,0.029,0.081,0.000
252.000,43.038,134.000,16.700,5675.000,447.000,14.000,2196.410,1.000,0.000,44.000,8.930,4.932,11.431,1.649,1.603,0.000,1.193,0.913,1.205,0.000,2.237,0.182,0.013,0.000,0.038,0.347,0.000,0.068,0.000,0.076,0.347,0.042,0.089,0.051,0.110
253.000,42.987,158.000,16.800,5716.000,469.000,13.000,1874.170,1.000,0.000,41.000,6.440,2.418,22.487,4.154,0.381,0.049,4.051,1.357,0.703,0.000,0.112,1.913,0.010,0.034,0.278,0.015,0.000,0.103,0.054,0.425,0.034,0.078,0.010,0.010,0.005
254.000,43.068,208.000,16.400,5705.000,491.000,13.000,1835.540,1.000,0.000,34.000,8.660,1.737,6.184,0.757,0.180,0.067,0.874,0.000,0.420,0.000,0.430,0.324,0.157,0.027,0.000,0.243,0.000,0.090,0.043,0.000,0.250,0.010,0.000,0.013,0.000
255.000,43.175,326.000,15.700,5711.000,581.000,14.000,1868.920,1.000,0.000,30.000,7.070,9.657,25.727,0.025,0.071,0.928,0.172,0.003,0.011,0.000,0.000,0.000,0.025,0.031,0.000,11.830,0.011,0.000,0.006,0.000,0.003,0.017,0.000,0.000,0.000
256.000,43.397,666.000,12.800,4695.000,729.000,14.000,2485.330,1.000,0.000,32.000,5.520,4.865,5.366,0.186,0.103,0.284,0.003,0.189,0.413,0.072,0.111,0.005,0.003,0.003,0.003,0.134,0.003,2.501,0.023,0.023,0.243,0.026,0.000,0.000,0.003
257.000,42.698,34.000,17.200,4309.000,862.000,30.000,2981.730,1.000,0.000,35.000,5.465,3.456,3.921,0.162,0.478,0.467,0.004,0.015,0.367,0.015,0.193,0.008,0.000,0.004,0.015,0.012,0.012,0.278,0.004,0.054,0.131,0.015,0.046,0.000,0.000
258.000,42.694,16.000,17.200,4450.000,880.000,32.000,4166.610,1.000,0.000,39.000,5.630,8.447,16.022,0.196,0.032,2.617,0.128,0.018,0.424,0.036,0.023,0.000,0.000,0.000,0.064,0.009,0.000,1.350,0.119,0.000,0.023,0.023,0.000,0.000,0.005
259.000,43.184,611.000,13.100,5298.000,745.000,13.000,2787.220,1.000,0.000,33.000,5.120,3.873,11.035,0.046,0.005,1.758,0.010,0.021,0.010,6.774,0.005,0.000,0.000,0.000,0.010,0.231,0.000,0.283,0.000,0.015,0.005,0.015,0.000,0.010,0.000
260.000,42.782,379.000,14.700,5353.000,668.000,14.000,1964.690,1.000,0.000,34.000,6.180,2.449,7.492,0.100,0.375,2.310,0.563,0.000,0.213,0.011,0.005,0.013,0.011,0.000,0.000,0.057,0.369,0.040,0.019,0.011,0.143,0.022,0.089,0.113,0.000
261.000,42.885,288.000,15.700,5564.000,633.000,15.000,2906.300,1.000,0.000,39.000,7.240,7.316,9.435,0.553,0.614,0.610,1.647,0.117,0.463,2.504,0.121,0.048,0.043,0.125,0.285,0.099,0.004,0.125,0.000,0.013,0.039,0.000,0.004,0.004,0.026
262.000,42.722,274.000,16.600,5651.000,623.000,15.000,2069.970,1.000,0.000,38.000,8.100,9.079,18.202,0.705,0.930,0.020,8.349,0.039,0.183,0.000,0.121,0.029,0.042,0.000,0.000,0.046,0.003,0.049,0.059,0.000,0.179,0.085,0.000,0.016,0.049
263.000,42.825,335.000,16.000,5644.000,656.000,13.000,2479.530,1.000,0.000,37.000,7.350,4.745,8.919,0.250,0.484,0.653,3.172,0.000,0.628,0.303,0.887,0.083,0.092,0.172,0.072,0.033,0.006,0.017,0.473,0.000,0.014,0.017,0.000,0.044,0.000
264.000,42.637,269.000,16.800,5611.000,620.000,15.000,1992.490,1.000,0.000,33.000,8.480,8.818,9.830,0.206,0.854,1.639,0.198,0.019,0.295,0.000,1.763,0.000,0.097,0.008,0.097,0.039,0.012,0.035,0.159,0.004,0.451,0.012,0.000,0.606,0.000
265.000,43.222,699.000,12.800,4473.000,895.000,20.000,2801.440,1.000,0.000,29.000,5.930,2.882,11.408,0.085,0.003,0.583,2.028,0.003,0.105,0.203,0.031,0.000,0.000,0.000,0.000,0.319,0.095,1.082,0.075,0.003,0.193,0.078,0.003,0.000,0.000
266.000,42.785,118.000,17.000,5691.000,409.000,13.000,1224.240,1.000,0.000,37.000,6.360,3.029,9.175,1.290,1.559,0.141,1.847,0.135,0.110,0.571,0.302,0.006,0.004,0.649,0.057,0.210,0.035,0.053,0.031,0.080,0.053,0.286,0.245,0.000,0.020
267.000,42.926,140.000,16.700,5669.000,421.000,13.000,1934.620,1.000,0.000,32.000,8.900,2.531,18.611,1.498,0.424,0.000,4.508,1.296,2.158,0.050,0.262,0.000,0.000,0.030,0.171,0.010,0.000,0.000,0.000,0.030,0.000,0.333,0.040,0.005,0.081
268.000,42.811,53.000,17.300,3979.000,994.000,28.000,2258.800,1.000,0.000,39.000,6.000,5.472,19.717,12.572,0.656,0.109,1.639,0.860,0.719,0.004,0.268,0.025,0.014,0.028,0.018,0.169,0.004,0.183,0.088,0.000,0.162,0.035,0.014,0.025,0.021
269.000,42.842,29.000,17.500,3869.000,1105.000,28.000,2647.280,1.000,0.000,33.000,4.830,12.321,5.386,0.059,0.038,0.544,0.109,0.004,0.021,1.242,0.125,0.004,0.000,0.188,0.000,0.134,0.013,0.100,0.000,0.004,0.000,0.008,0.017,0.000,0.008
270.000,43.042,39.000,17.200,5136.000,290.000,14.000,1679.780,1.000,0.000,33.000,7.334,1.080,26.258,1.903,0.058,0.060,14.373,0.423,0.181,0.008,0.038,0.000,0.000,1.889,0.280,0.019,0.132,0.000,1.752,0.195,0.000,0.591,0.000,0.014,0.074
271.000,43.060,43.000,17.200,5134.000,295.000,15.000,1880.190,1.000,0.000,32.000,9.000,1.547,16.918,1.007,0.566,2.440,2.937,1.524,0.270,0.048,0.003,4.185,0.000,0.199,0.006,0.009,0.003,0.000,0.327,0.014,0.000,0.537,0.000,0.185,0.006
272.000,62.339,31.000,5.600,2832.000,522.000,15.000,3264.060,1.000,0.000,50.000,4.780,20.425,8.606,0.157,0.000,3.496,0.000,0.000,0.291,0.090,0.291,0.000,0.112,0.000,0.000,0.000,0.000,0.000,0.672,0.000,0.000,0.112,0.000,0.000,0.000
273.000,62.359,202.000,4.700,2816.000,539.000,15.000,4894.840,1.000,0.000,58.000,5.380,17.135,2.295,0.000,0.000,0.623,0.000,0.000,0.250,0.006,0.000,0.000,0.052,0.000,0.000,0.000,0.000,0.000,0.000,0.000,0.000,0.006,0.000,0.000,0.000
274.000,62.369,523.000,3.000,2816.000,575.000,15.000,4892.383,1.000,0.000,60.000,4.170,6.008,3.109,0.000,0.007,0.323,0.000,0.007,0.013,0.033,0.079,0.000,0.033,0.007,0.007,0.033,0.000,0.059,0.000,0.020,0.000,0.007,0.000,0.000,0.000
275.000,62.379,576.000,2.700,2808.000,581.000,15.000,4892.383,0.000,0.000,59.000,4.750,0.820,9.347,0.000,0.000,1.709,0.000,0.000,0.277,0.219,0.000,0.000,0.394,0.000,0.000,0.000,0.000,0.000,0.000,0.000,0.000,0.000,0.000,0.000,0.000
